{
  "height" : 480,
  "width" : 640,
  "intrinsic_matrix" : [ 614.861572, 0, 0, 0, 615.089783, 0, 310.739594, 231.302612, 1 ]
}